{
  "model_version": "v1.0",
  "normal_samples": 27011,
  "anomaly_samples": 2989,
  "test_samples": 4500,
  "accuracy": 0.9604666666666667,
  "precision": 0.869315854158132,
  "recall": 0.7099364335898294,
  "f1_score": 0.7815837937384899,
  "auc_roc": 0.8926136420710796,
  "false_positive_rate": 0.011810003331975861,
  "false_negative_rate": 0.2900635664101706,
  "true_positives": 2122,
  "true_negatives": 26692,
  "false_positives": 319,
  "false_negatives": 867,
  "detection_threshold": 0.00499843015666579
}